Timestamp,Velocity,accel_X,accel_Z,Steering_wheel_x,Accelerator,Brake,Winker(left),Winker(right),Label,Timecheck
20200723_140046_389117768,-0.0,1e-06,1.1e-05,-2.0,0.0,0.0, 0.0, 0.0,7,0:00:00
20200723_140046_389151100,-0.0,1e-06,9e-06,-2.0,0.0,0.0, 0.0, 0.0,7,0:00:00
20200723_140046_389167766,-0.0,0.0,1e-05,-2.0,0.0,0.0, 0.0, 0.0,7,0:00:00
20200723_140046_389201098,-0.0,-0.0,1e-05,-2.0,0.0,0.0, 0.0, 0.0,7,0:00:00
20200723_140046_389217764,-0.0,-1e-06,1e-05,-2.0,0.0,0.0, 0.0, 0.0,7,0:00:00
20200723_140046_389267762,-0.0,-0.0,1e-05,-2.0,0.0,0.0, 0.0, 0.0,7,0:00:00
20200723_140046_389284428,-0.0,1e-06,1e-05,-2.0,0.0,0.0, 0.0, 0.0,7,0:00:00
20200723_140046_389317760,-0.0,1e-06,1.1e-05,-2.0,0.0,0.0, 0.0, 0.0,7,0:00:00
20200723_140046_389334426,-0.0,-1e-06,1e-05,-2.0,0.0,0.0, 0.0, 0.0,7,0:00:00
20200723_140046_389384424,-0.0,-2e-06,1e-05,-2.0,0.0,0.0, 0.0, 0.0,7,0:00:00
20200723_140046_389434422,-0.0,-2e-06,9e-06,-2.0,0.0,0.0, 0.0, 0.0,7,0:00:00
20200723_140047_389484420,-0.0,-1e-06,1.1e-05,-2.0,0.0,0.0, 0.0, 0.0,7,0:00:01
20200723_140047_389517752,-0.0,0.0,9e-06,-2.0,0.0,0.0, 0.0, 0.0,7,0:00:01
20200723_140047_389534418,-0.0,1e-06,9e-06,-2.0,0.0,0.0, 0.0, 0.0,7,0:00:01
20200723_140047_389567750,-0.0,1e-06,1.1e-05,-2.0,0.0,0.0, 0.0, 0.0,7,0:00:01
20200723_140047_389601082,-0.0,1e-06,1.1e-05,-2.0,0.0,0.0, 0.0, 0.0,7,0:00:01
20200723_140047_389617748,-0.0,0.0,8e-06,-2.0,0.0,0.0, 0.0, 0.0,7,0:00:01
20200723_140047_389651080,-0.0,0.0,9e-06,-2.0,0.0,0.0, 0.0, 0.0,7,0:00:01
20200723_140047_389684412,-0.0,0.0,8e-06,-2.0,4.0,0.0, 0.0, 0.0,7,0:00:01
20200723_140047_389717744,-0.0,0.0,9e-06,-2.0,17.0,0.0, 0.0, 0.0,0,0:00:01
20200723_140047_389734410,-0.0,0.0,7e-06,-2.0,28.0,0.0, 0.0, 0.0,0,0:00:01
20200723_140047_389784408,-0.0,0.0,6e-06,-2.0,32.0,0.0, 0.0, 0.0,0,0:00:01
20200723_140047_389834406,-0.0,-2e-06,-0.002703,-2.0,38.0,0.0, 0.0, 0.0,0,0:00:01
20200723_140047_389851072,0.0,-2.4e-05,-0.023559,-2.0,43.0,0.0, 0.0, 0.0,0,0:00:01
20200723_140047_389901070,0.0,-3.3e-05,-0.035649,-2.0,44.0,0.0, 0.0, 0.0,0,0:00:01
20200723_140047_389917736,0.0,-0.000115,-0.107918,-2.0,49.0,0.0, 0.0, 0.0,0,0:00:01
20200723_140047_389967734,0.0,-0.000155,-0.153755,-2.0,50.0,0.0, 0.0, 0.0,0,0:00:01
20200723_140047_389984400,0.0,-0.00038,-0.382122,-2.0,52.0,0.0, 0.0, 0.0,0,0:00:01
20200723_140047_390034398,0.0,-0.000485,-0.49008,-2.0,53.0,0.0, 0.0, 0.0,0,0:00:01
20200723_140047_390051064,1.0,-0.000808,-0.814006,-1.0,54.0,0.0, 0.0, 0.0,0,0:00:01
20200723_140047_390084396,1.0,-0.000873,-0.932574,-1.0,54.0,0.0, 0.0, 0.0,0,0:00:01
20200723_140047_390101062,1.0,-0.000778,-1.17653,-1.0,55.0,0.0, 0.0, 0.0,0,0:00:01
20200723_140047_390134394,1.0,-0.00058,-1.275918,-0.0,55.0,0.0, 0.0, 0.0,0,0:00:01
20200723_140047_390167726,1.0,0.000811,-1.442253,0.0,55.0,0.0, 0.0, 0.0,0,0:00:01
20200723_140047_390201058,1.0,0.000982,-1.577744,1.0,55.0,0.0, 0.0, 0.0,0,0:00:01
20200723_140047_390234390,2.0,0.001849,-1.696427,1.0,56.0,0.0, 0.0, 0.0,0,0:00:01
20200723_140047_390267722,2.0,0.002946,-1.808592,1.0,56.0,0.0, 0.0, 0.0,0,0:00:01
20200723_140047_390301054,2.0,0.002727,-1.919456,1.0,57.0,0.0, 0.0, 0.0,0,0:00:01
20200723_140047_390334386,2.0,0.001455,-2.030343,1.0,57.0,0.0, 0.0, 0.0,0,0:00:01
20200723_140047_390367718,3.0,0.001738,-2.141448,1.0,57.0,0.0, 0.0, 0.0,0,0:00:01
20200723_140047_390401050,3.0,0.001458,-2.248564,1.0,57.0,0.0, 0.0, 0.0,0,0:00:01
20200723_140048_390434382,3.0,0.000726,-2.350118,1.0,57.0,0.0, 0.0, 0.0,0,0:00:02
20200723_140048_390451048,4.0,0.000975,-2.447006,1.0,58.0,0.0, 0.0, 0.0,0,0:00:02
20200723_140048_390484380,4.0,0.001168,-2.494051,1.0,58.0,0.0, 0.0, 0.0,0,0:00:02
20200723_140048_390517712,4.0,0.001354,-2.585077,1.0,58.0,0.0, 0.0, 0.0,0,0:00:02
20200723_140048_390551044,4.0,0.001335,-2.67235,1.0,59.0,0.0, 0.0, 0.0,0,0:00:02
20200723_140048_390584376,5.0,0.001346,-2.755776,1.0,59.0,0.0, 0.0, 0.0,0,0:00:02
20200723_140048_390617708,5.0,0.001409,-2.83541,1.0,59.0,0.0, 0.0, 0.0,0,0:00:02
20200723_140048_390651040,5.0,0.00145,-2.911597,1.0,59.0,0.0, 0.0, 0.0,0,0:00:02
20200723_140048_390667706,6.0,0.001479,-2.984889,1.0,59.0,0.0, 0.0, 0.0,0,0:00:02
20200723_140048_390701038,6.0,0.001495,-3.020443,1.0,59.0,0.0, 0.0, 0.0,0,0:00:02
20200723_140048_390734370,6.0,0.001529,-3.090636,1.0,60.0,0.0, 0.0, 0.0,0,0:00:02
20200723_140048_390767702,7.0,0.001565,-3.159952,1.0,60.0,0.0, 0.0, 0.0,0,0:00:02
20200723_140048_390817700,7.0,0.001598,-3.228559,1.0,60.0,0.0, 0.0, 0.0,0,0:00:02
20200723_140048_390834366,8.0,0.001645,-3.330001,1.0,60.0,0.0, 0.0, 0.0,0,0:00:02
20200723_140048_390884364,8.0,0.001661,-3.36332,1.0,60.0,0.0, 0.0, 0.0,0,0:00:02
20200723_140048_390934362,9.0,0.001708,-3.462419,1.0,60.0,0.0, 0.0, 0.0,0,0:00:02
20200723_140048_390951028,9.0,0.001752,-3.559248,1.0,60.0,0.0, 0.0, 0.0,0,0:00:02
20200723_140048_391001026,10.0,-0.003986,-3.591325,1.0,60.0,0.0, 0.0, 0.0,0,0:00:02
20200723_140048_391017692,10.0,-0.009271,-3.68848,0.0,61.0,0.0, 0.0, 0.0,0,0:00:02
20200723_140048_391067690,10.0,-0.008414,-3.720754,0.0,61.0,0.0, 0.0, 0.0,0,0:00:02
20200723_140048_391084356,11.0,-0.006754,-3.820675,-0.0,61.0,0.0, 0.0, 0.0,0,0:00:02
20200723_140048_391117688,11.0,-0.006926,-3.85485,-0.0,61.0,0.0, 0.0, 0.0,0,0:00:02
20200723_140048_391134354,12.0,-0.001949,-3.926131,-0.0,61.0,0.0, 0.0, 0.0,0,0:00:02
20200723_140048_391167686,12.0,0.001537,-3.962593,-0.0,61.0,0.0, 0.0, 0.0,0,0:00:02
20200723_140048_391201018,13.0,0.002563,-4.038336,-0.0,61.0,0.0, 0.0, 0.0,0,0:00:02
20200723_140048_391251016,13.0,0.000478,-4.118958,-0.0,61.0,0.0, 0.0, 0.0,0,0:00:02
20200723_140048_391267682,14.0,-0.000593,-4.242568,-0.0,61.0,0.0, 0.0, 0.0,0,0:00:02
20200723_140048_391301014,14.0,-0.000383,-4.283033,-0.0,61.0,0.0, 0.0, 0.0,0,0:00:02
20200723_140048_391334346,15.0,9e-06,-4.363751,-0.0,62.0,0.0, 0.0, 0.0,0,0:00:02
20200723_140048_391367678,15.0,0.000154,-4.441638,-0.0,62.0,0.0, 0.0, 0.0,0,0:00:02
20200723_140048_391384344,16.0,0.000136,-4.513559,-0.0,62.0,0.0, 0.0, 0.0,0,0:00:02
20200723_140049_391417676,16.0,7.7e-05,-4.548661,-0.0,62.0,0.0, 0.0, 0.0,0,0:00:03
20200723_140049_391451008,17.0,-1e-06,-4.613004,-0.0,62.0,0.0, 0.0, 0.0,0,0:00:03
20200723_140049_391484340,17.0,-7.5e-05,-4.674261,-0.0,62.0,0.0, 0.0, 0.0,0,0:00:03
20200723_140049_391517672,18.0,-8.7e-05,-4.728062,-0.0,62.0,0.0, 0.0, 0.0,0,0:00:03
20200723_140049_391551004,18.0,-0.000119,-4.777393,-0.0,62.0,0.0, 0.0, 0.0,0,0:00:03
20200723_140049_391584336,19.0,-6e-05,-4.818231,-0.0,62.0,0.0, 0.0, 0.0,0,0:00:03
20200723_140049_391617668,20.0,2.7e-05,-4.841308,-0.0,62.0,0.0, 0.0, 0.0,0,0:00:03
20200723_140049_391634334,20.0,7.6e-05,-4.810142,-0.0,62.0,0.0, 0.0, 0.0,0,0:00:03
20200723_140049_391667666,20.0,8.1e-05,-4.775158,-0.0,62.0,0.0, 0.0, 0.0,0,0:00:03
20200723_140049_391700998,21.0,5.9e-05,-4.668272,-0.0,62.0,0.0, 0.0, 0.0,0,0:00:03
20200723_140049_391734330,21.0,2.2e-05,-4.517951,-0.0,62.0,0.0, 0.0, 0.0,0,0:00:03
20200723_140049_391767662,22.0,-8e-06,-4.327682,-0.0,62.0,0.0, 0.0, 0.0,0,0:00:03
20200723_140049_391800994,22.0,-2.4e-05,-4.137734,-0.0,62.0,0.0, 0.0, 0.0,0,0:00:03
20200723_140049_391817660,23.0,-2.2e-05,-3.961379,-0.0,62.0,0.0, 0.0, 0.0,0,0:00:03
20200723_140049_391850992,23.0,-1.9e-05,-3.877825,-0.0,62.0,0.0, 0.0, 0.0,0,0:00:03
20200723_140049_391900990,23.0,-9e-06,-3.718348,-0.0,62.0,0.0, 0.0, 0.0,0,0:00:03
20200723_140049_391917656,24.0,3e-06,-3.493958,-0.0,62.0,0.0, 0.0, 0.0,0,0:00:03
20200723_140049_391950988,24.0,5e-06,-3.421894,-0.0,62.0,0.0, 0.0, 0.0,0,0:00:03
20200723_140049_391967654,25.0,5e-06,-3.278935,-0.0,62.0,0.0, 0.0, 0.0,0,0:00:03
20200723_140049_392000986,25.0,3e-06,-3.209435,0.0,62.0,0.0, 0.0, 0.0,0,0:00:03
20200723_140049_392034318,25.0,8.5e-05,-3.073946,1.0,62.0,0.0, 0.0, 0.0,0,0:00:03
20200723_140049_392067650,25.0,0.017271,-2.945922,1.0,62.0,0.0, 0.0, 0.0,0,0:00:03
20200723_140049_392100982,26.0,0.045499,-2.823259,1.0,62.0,0.0, 0.0, 0.0,0,0:00:03
20200723_140049_392134314,26.0,0.052527,-2.706075,2.0,62.0,0.0, 0.0, 0.0,0,0:00:03
20200723_140049_392150980,26.0,0.047541,-2.594625,2.0,62.0,0.0, 0.0, 0.0,0,0:00:03
20200723_140049_392184312,26.0,0.045179,-2.540544,2.0,62.0,0.0, 0.0, 0.0,0,0:00:03
20200723_140049_392200978,27.0,0.043581,-2.43403,2.0,62.0,0.0, 0.0, 0.0,0,0:00:03
20200723_140049_392234310,27.0,0.026842,-2.381851,2.0,62.0,0.0, 0.0, 0.0,0,0:00:03
20200723_140049_392267642,27.0,-7.3e-05,-2.281308,2.0,62.0,0.0, 0.0, 0.0,0,0:00:03
20200723_140049_392300974,27.0,-0.006256,-2.185177,2.0,62.0,0.0, 0.0, 0.0,0,0:00:03
20200723_140049_392317640,28.0,-0.000611,-2.093597,2.0,62.0,0.0, 0.0, 0.0,0,0:00:03
20200723_140049_392367638,28.0,0.001964,-2.049207,2.0,62.0,0.0, 0.0, 0.0,0,0:00:03
20200723_140050_392384304,28.0,0.003592,-1.921863,2.0,62.0,0.0, 0.0, 0.0,0,0:00:04
20200723_140050_392417636,28.0,0.003096,-1.880717,2.0,62.0,0.0, 0.0, 0.0,0,0:00:04
20200723_140050_392450968,28.0,0.005388,-1.800377,2.0,62.0,0.0, 0.0, 0.0,0,0:00:04
20200723_140050_392484300,28.0,0.008611,-1.723598,2.0,62.0,0.0, 0.0, 0.0,0,0:00:04
20200723_140050_392500966,29.0,0.011845,-1.649992,2.0,62.0,0.0, 0.0, 0.0,0,0:00:04
20200723_140050_392534298,29.0,0.016158,-1.61434,2.0,62.0,0.0, 0.0, 0.0,0,0:00:04
20200723_140050_392584296,29.0,0.025775,-1.545052,2.0,62.0,0.0, 0.0, 0.0,0,0:00:04
20200723_140050_392617628,29.0,0.035467,-1.446623,3.0,62.0,0.0, 0.0, 0.0,0,0:00:04
20200723_140050_392650960,29.0,0.032756,-1.391597,3.0,62.0,0.0, 0.0, 0.0,0,0:00:04
20200723_140050_392684292,29.0,0.028934,-1.368854,3.0,62.0,0.0, 0.0, 0.0,0,0:00:04
20200723_140050_392717624,30.0,0.019417,-1.37781,3.0,62.0,0.0, 0.0, 0.0,0,0:00:04
20200723_140050_392734290,30.0,0.008053,-1.417803,3.0,62.0,0.0, 0.0, 0.0,0,0:00:04
20200723_140050_392767622,30.0,0.004238,-1.448874,3.0,62.0,0.0, 0.0, 0.0,0,0:00:04
20200723_140050_392800954,30.0,0.001614,-1.533175,3.0,62.0,0.0, 0.0, 0.0,0,0:00:04
20200723_140050_392834286,30.0,0.001134,-1.621727,3.0,62.0,0.0, 0.0, 0.0,0,0:00:04
20200723_140050_392850952,31.0,0.002456,-1.70692,3.0,62.0,0.0, 0.0, 0.0,0,0:00:04
20200723_140050_392900950,31.0,0.00298,-1.747863,3.0,62.0,0.0, 0.0, 0.0,0,0:00:04
20200723_140050_392917616,31.0,0.003351,-1.864518,3.0,62.0,0.0, 0.0, 0.0,0,0:00:04
20200723_140050_392950948,31.0,0.003252,-1.901066,3.0,62.0,0.0, 0.0, 0.0,0,0:00:04
20200723_140050_392967614,31.0,0.003263,-1.971564,3.0,62.0,0.0, 0.0, 0.0,0,0:00:04
20200723_140050_393017612,32.0,0.003296,-2.005406,3.0,62.0,0.0, 0.0, 0.0,0,0:00:04
20200723_140050_393050944,32.0,0.003424,-2.10114,3.0,62.0,0.0, 0.0, 0.0,0,0:00:04
20200723_140050_393067610,32.0,0.003508,-2.160314,3.0,62.0,0.0, 0.0, 0.0,0,0:00:04
20200723_140050_393100942,32.0,0.003553,-2.188513,3.0,62.0,0.0, 0.0, 0.0,0,0:00:04
20200723_140050_393134274,33.0,0.003681,-2.235899,3.0,62.0,0.0, 0.0, 0.0,0,0:00:04
20200723_140050_393167606,33.0,0.00371,-2.250451,3.0,62.0,0.0, 0.0, 0.0,0,0:00:04
20200723_140050_393200938,33.0,0.003764,-2.233353,3.0,62.0,0.0, 0.0, 0.0,0,0:00:04
20200723_140050_393217604,33.0,0.003885,-2.187134,3.0,62.0,0.0, 0.0, 0.0,0,0:00:04
20200723_140050_393250936,34.0,0.00391,-2.15363,3.0,62.0,0.0, 0.0, 0.0,0,0:00:04
20200723_140050_393284268,34.0,0.003874,-2.066978,3.0,62.0,0.0, 0.0, 0.0,0,0:00:04
20200723_140050_393334266,34.0,0.003819,-1.976749,3.0,62.0,0.0, 0.0, 0.0,0,0:00:04
20200723_140050_393350932,34.0,0.002973,-1.850836,3.0,62.0,0.0, 0.0, 0.0,0,0:00:04
20200723_140051_393384264,34.0,0.00131,-1.811203,3.0,62.0,0.0, 0.0, 0.0,0,0:00:05
20200723_140051_393417596,35.0,-0.003502,-1.734124,2.0,62.0,0.0, 0.0, 0.0,0,0:00:05
20200723_140051_393450928,35.0,-0.009033,-1.659981,2.0,62.0,0.0, 0.0, 0.0,0,0:00:05
20200723_140051_393467594,35.0,-0.014306,-1.588778,2.0,62.0,0.0, 0.0, 0.0,0,0:00:05
20200723_140051_393500926,35.0,-0.01803,-1.554313,2.0,62.0,0.0, 0.0, 0.0,0,0:00:05
20200723_140051_393534258,35.0,-0.025368,-1.487511,2.0,62.0,0.0, 0.0, 0.0,0,0:00:05
20200723_140051_393567590,35.0,-0.025953,-1.423616,2.0,62.0,0.0, 0.0, 0.0,0,0:00:05
20200723_140051_393600922,35.0,-0.019351,-1.362319,2.0,62.0,0.0, 0.0, 0.0,0,0:00:05
20200723_140051_393634254,36.0,-0.013686,-1.30342,2.0,62.0,0.0, 0.0, 0.0,0,0:00:05
20200723_140051_393667586,36.0,-0.006946,-1.246655,2.0,62.0,0.0, 0.0, 0.0,0,0:00:05
20200723_140051_393684252,36.0,0.000472,-1.19219,2.0,62.0,0.0, 0.0, 0.0,0,0:00:05
20200723_140051_393717584,36.0,0.002103,-1.165799,2.0,62.0,0.0, 0.0, 0.0,0,0:00:05
20200723_140051_393750916,36.0,0.00376,-1.114728,2.0,62.0,0.0, 0.0, 0.0,0,0:00:05
20200723_140051_393784248,36.0,0.002032,-1.065837,2.0,62.0,0.0, 0.0, 0.0,0,0:00:05
20200723_140051_393800914,36.0,0.000992,-1.018977,2.0,62.0,0.0, 0.0, 0.0,0,0:00:05
20200723_140051_393834246,36.0,0.000909,-0.996151,2.0,62.0,0.0, 0.0, 0.0,0,0:00:05
20200723_140051_393850912,36.0,0.0011,-0.951672,2.0,62.0,0.0, 0.0, 0.0,0,0:00:05
20200723_140051_393900910,37.0,0.001213,-0.929967,2.0,62.0,0.0, 0.0, 0.0,0,0:00:05
20200723_140051_393934242,37.0,0.001336,-0.866948,2.0,62.0,0.0, 0.0, 0.0,0,0:00:05
20200723_140051_393950908,37.0,0.001279,-0.826623,2.0,62.0,0.0, 0.0, 0.0,0,0:00:05
20200723_140051_393984240,37.0,0.001235,-0.807396,2.0,62.0,0.0, 0.0, 0.0,0,0:00:05
20200723_140051_394017572,37.0,0.001125,-0.769926,2.0,62.0,0.0, 0.0, 0.0,0,0:00:05
20200723_140051_394050904,37.0,0.000531,-0.734328,2.0,62.0,0.0, 0.0, 0.0,0,0:00:05
20200723_140051_394067570,37.0,4.3e-05,-0.700796,2.0,62.0,0.0, 0.0, 0.0,0,0:00:05
20200723_140051_394134234,37.0,0.000222,-0.684464,2.0,62.0,0.0, 0.0, 0.0,0,0:00:05
20200723_140051_394150900,37.0,0.00026,-0.628632,2.0,63.0,0.0, 0.0, 0.0,0,0:00:05
20200723_140051_394184232,37.0,0.000304,-0.624598,2.0,63.0,0.0, 0.0, 0.0,0,0:00:05
20200723_140051_394200898,37.0,0.000853,-0.631693,2.0,63.0,0.0, 0.0, 0.0,0,0:00:05
20200723_140051_394234230,37.0,0.001168,-0.642886,2.0,63.0,0.0, 0.0, 0.0,0,0:00:05
20200723_140051_394267562,37.0,0.000908,-0.68019,2.0,63.0,0.0, 0.0, 0.0,0,0:00:05
20200723_140051_394284228,38.0,0.000404,-0.736302,2.0,63.0,0.0, 0.0, 0.0,0,0:00:05
20200723_140051_394334226,38.0,0.000487,-0.771346,2.0,63.0,0.0, 0.0, 0.0,0,0:00:05
20200723_140052_394350892,38.0,0.000596,-0.872962,2.0,63.0,0.0, 0.0, 0.0,0,0:00:06
20200723_140052_394384224,38.0,0.000272,-0.905098,2.0,63.0,0.0, 0.0, 0.0,0,0:00:06
20200723_140052_394417556,38.0,-0.017806,-0.967854,1.0,63.0,0.0, 0.0, 0.0,0,0:00:06
20200723_140052_394434222,38.0,-0.045471,-1.027892,1.0,63.0,0.0, 0.0, 0.0,0,0:00:06
20200723_140052_394484220,38.0,-0.054557,-1.057093,1.0,63.0,0.0, 0.0, 0.0,0,0:00:06
20200723_140052_394500886,38.0,-0.092846,-1.140902,1.0,63.0,0.0, 0.0, 0.0,0,0:00:06
20200723_140052_394534218,39.0,-0.088812,-1.167001,1.0,63.0,0.0, 0.0, 0.0,0,0:00:06
20200723_140052_394550884,39.0,-0.074936,-1.218627,1.0,63.0,0.0, 0.0, 0.0,0,0:00:06
20200723_140052_394600882,39.0,-0.033042,-1.24349,1.0,63.0,0.0, 0.0, 0.0,0,0:00:06
20200723_140052_394617548,39.0,0.037335,-1.316409,1.0,63.0,0.0, 0.0, 0.0,0,0:00:06
20200723_140052_394650880,39.0,0.059479,-1.338812,1.0,63.0,0.0, 0.0, 0.0,0,0:00:06
20200723_140052_394684212,39.0,0.06424,-1.382874,1.0,63.0,0.0, 0.0, 0.0,0,0:00:06
20200723_140052_394734210,39.0,0.050795,-1.425968,1.0,63.0,0.0, 0.0, 0.0,0,0:00:06
20200723_140052_394784208,40.0,-0.001295,-1.487099,1.0,63.0,0.0, 0.0, 0.0,0,0:00:06
20200723_140052_394800874,40.0,-0.009981,-1.543103,1.0,63.0,0.0, 0.0, 0.0,0,0:00:06
20200723_140052_394850872,40.0,-0.005012,-1.561397,1.0,63.0,0.0, 0.0, 0.0,0,0:00:06
20200723_140052_394884204,40.0,0.003521,-1.613853,1.0,63.0,0.0, 0.0, 0.0,0,0:00:06
20200723_140052_394900870,41.0,0.003612,-1.646207,1.0,63.0,0.0, 0.0, 0.0,0,0:00:06
20200723_140052_394967534,41.0,0.002919,-1.662052,1.0,63.0,0.0, 0.0, 0.0,0,0:00:06
20200723_140052_395000866,41.0,0.000769,-1.722983,1.0,63.0,0.0, 0.0, 0.0,0,0:00:06
20200723_140052_395017532,41.0,0.000683,-1.750804,1.0,63.0,0.0, 0.0, 0.0,0,0:00:06
20200723_140052_395067530,41.0,0.000705,-1.76428,1.0,63.0,0.0, 0.0, 0.0,0,0:00:06
20200723_140052_395100862,42.0,-0.004719,-1.809252,1.0,63.0,0.0, 0.0, 0.0,0,0:00:06
20200723_140052_395134194,42.0,0.003294,-1.833005,1.0,63.0,0.0, 0.0, 0.0,0,0:00:06
20200723_140052_395150860,42.0,0.003701,-1.855945,1.0,63.0,0.0, 0.0, 0.0,0,0:00:06
20200723_140052_395184192,42.0,0.002166,-1.867001,1.0,63.0,0.0, 0.0, 0.0,0,0:00:06
20200723_140052_395217524,43.0,0.000484,-1.888328,1.0,63.0,0.0, 0.0, 0.0,0,0:00:06
20200723_140052_395267522,43.0,0.000689,-1.910021,1.0,63.0,0.0, 0.0, 0.0,0,0:00:06
20200723_140052_395284188,43.0,-0.000539,-1.933345,1.0,63.0,0.0, 0.0, 0.0,0,0:00:06
20200723_140052_395317520,43.0,-0.001511,-1.943239,1.0,63.0,0.0, 0.0, 0.0,0,0:00:06
20200723_140053_395334186,44.0,0.000216,-1.961933,1.0,63.0,0.0, 0.0, 0.0,0,0:00:07
20200723_140053_395367518,44.0,0.00134,-1.971267,1.0,63.0,0.0, 0.0, 0.0,0,0:00:07
20200723_140053_395384184,44.0,0.002216,-1.989051,1.0,63.0,0.0, 0.0, 0.0,0,0:00:07
20200723_140053_395450848,44.0,0.002001,-1.996977,1.0,63.0,0.0, 0.0, 0.0,0,0:00:07
20200723_140053_395467514,45.0,0.001334,-2.029193,1.0,63.0,0.0, 0.0, 0.0,0,0:00:07
20200723_140053_395484180,45.0,0.001385,-2.036597,1.0,63.0,0.0, 0.0, 0.0,0,0:00:07
20200723_140053_395534178,45.0,0.001441,-2.04387,1.0,63.0,0.0, 0.0, 0.0,0,0:00:07
20200723_140053_395550844,45.0,0.001447,-2.064373,1.0,63.0,0.0, 0.0, 0.0,0,0:00:07
20200723_140053_395584176,45.0,0.001423,-2.070856,1.0,63.0,0.0, 0.0, 0.0,0,0:00:07
20200723_140053_395600842,46.0,0.0014,-2.083422,1.0,63.0,0.0, 0.0, 0.0,0,0:00:07
20200723_140053_395650840,46.0,0.001399,-2.089442,1.0,63.0,0.0, 0.0, 0.0,0,0:00:07
20200723_140053_395667506,46.0,0.001436,-2.106901,1.0,63.0,0.0, 0.0, 0.0,0,0:00:07
20200723_140053_395700838,46.0,0.001445,-2.112452,1.0,63.0,0.0, 0.0, 0.0,0,0:00:07
20200723_140053_395717504,46.0,0.001464,-2.123141,1.0,63.0,0.0, 0.0, 0.0,0,0:00:07
20200723_140053_395767502,47.0,0.001471,-2.128251,1.0,63.0,0.0, 0.0, 0.0,0,0:00:07
20200723_140053_395800834,47.0,0.001489,-2.142585,1.0,63.0,0.0, 0.0, 0.0,0,0:00:07
20200723_140053_395834166,47.0,0.001496,-2.151283,1.0,63.0,0.0, 0.0, 0.0,0,0:00:07
20200723_140053_395867498,47.0,0.001495,-2.159145,1.0,63.0,0.0, 0.0, 0.0,0,0:00:07
20200723_140053_395884164,48.0,0.001514,-2.166716,1.0,63.0,0.0, 0.0, 0.0,0,0:00:07
20200723_140053_395934162,48.0,0.001506,-2.170075,1.0,63.0,0.0, 0.0, 0.0,0,0:00:07
20200723_140053_395967494,48.0,0.001372,-2.180123,1.0,63.0,0.0, 0.0, 0.0,0,0:00:07
20200723_140053_395984160,49.0,0.001312,-2.185107,1.0,63.0,0.0, 0.0, 0.0,0,0:00:07
20200723_140053_396017492,49.0,0.001373,-2.187276,1.0,63.0,0.0, 0.0, 0.0,0,0:00:07
20200723_140053_396034158,49.0,0.001047,-2.19107,1.0,63.0,0.0, 0.0, 0.0,0,0:00:07
20200723_140053_396084156,49.0,0.000805,-2.192632,1.0,63.0,0.0, 0.0, 0.0,0,0:00:07
20200723_140053_396100822,49.0,0.000795,-2.197896,1.0,63.0,0.0, 0.0, 0.0,0,0:00:07
20200723_140053_396150820,50.0,0.000966,-2.199761,1.0,63.0,0.0, 0.0, 0.0,0,0:00:07
20200723_140053_396184152,50.0,0.001418,-2.204545,1.0,63.0,0.0, 0.0, 0.0,0,0:00:07
20200723_140053_396200818,50.0,0.002236,-2.208316,1.0,63.0,0.0, 0.0, 0.0,0,0:00:07
20200723_140053_396234150,50.0,0.002402,-2.209598,1.0,63.0,0.0, 0.0, 0.0,0,0:00:07
20200723_140053_396267482,51.0,0.002348,-2.211188,1.0,63.0,0.0, 0.0, 0.0,0,0:00:07
20200723_140053_396317480,51.0,0.00225,-2.212173,1.0,63.0,0.0, 0.0, 0.0,0,0:00:07
20200723_140054_396334146,51.0,0.001784,-2.214175,1.0,63.0,0.0, 0.0, 0.0,0,0:00:08
20200723_140054_396367478,51.0,0.001464,-2.214776,1.0,63.0,0.0, 0.0, 0.0,0,0:00:08
20200723_140054_396384144,52.0,0.001372,-2.214473,1.0,63.0,0.0, 0.0, 0.0,0,0:00:08
20200723_140054_396434142,52.0,0.001459,-2.214713,1.0,63.0,0.0, 0.0, 0.0,0,0:00:08
20200723_140054_396450808,52.0,0.000704,-2.214404,1.0,63.0,0.0, 0.0, 0.0,0,0:00:08
20200723_140054_396484140,52.0,0.000606,-2.214158,1.0,63.0,0.0, 0.0, 0.0,0,0:00:08
20200723_140054_396517472,53.0,0.000141,-2.213162,1.0,63.0,0.0, 0.0, 0.0,0,0:00:08
20200723_140054_396550804,53.0,-0.00708,-2.212035,1.0,63.0,0.0, 0.0, 0.0,0,0:00:08
20200723_140054_396584136,53.0,-0.010587,-2.205981,1.0,63.0,0.0, 0.0, 0.0,0,0:00:08
20200723_140054_396600802,53.0,-0.009252,-2.181066,1.0,63.0,0.0, 0.0, 0.0,0,0:00:08
20200723_140054_396617468,54.0,-0.008409,-2.161571,1.0,63.0,0.0, 0.0, 0.0,0,0:00:08
20200723_140054_396667466,54.0,-0.00795,-2.137411,1.0,63.0,0.0, 0.0, 0.0,0,0:00:08
20200723_140054_396684132,54.0,-0.004974,-2.039789,1.0,63.0,0.0, 0.0, 0.0,0,0:00:08
20200723_140054_396717464,54.0,-0.003433,-1.998984,1.0,63.0,0.0, 0.0, 0.0,0,0:00:08
20200723_140054_396767462,54.0,-0.003114,-1.910786,1.0,63.0,0.0, 0.0, 0.0,0,0:00:08
20200723_140054_396784128,55.0,-0.009598,-1.786441,1.0,63.0,0.0, 0.0, 0.0,0,0:00:08
20200723_140054_396834126,55.0,-0.04098,-1.747404,1.0,63.0,0.0, 0.0, 0.0,0,0:00:08
20200723_140054_396850792,55.0,-0.064215,-1.635436,1.0,63.0,0.0, 0.0, 0.0,0,0:00:08
20200723_140054_396884124,55.0,-0.058008,-1.59946,1.0,63.0,0.0, 0.0, 0.0,0,0:00:08
20200723_140054_396900790,55.0,-0.049804,-1.52958,1.0,63.0,0.0, 0.0, 0.0,0,0:00:08
20200723_140054_396934122,55.0,-0.047981,-1.495635,1.0,63.0,0.0, 0.0, 0.0,0,0:00:08
20200723_140054_396984120,55.0,-0.042251,-1.429692,0.0,63.0,0.0, 0.0, 0.0,0,0:00:08
20200723_140054_397000786,56.0,0.013208,-1.335789,0.0,63.0,0.0, 0.0, 0.0,0,0:00:08
20200723_140054_397034118,56.0,0.01138,-1.305713,0.0,63.0,0.0, 0.0, 0.0,0,0:00:08
20200723_140054_397067450,56.0,0.003324,-1.248313,0.0,63.0,0.0, 0.0, 0.0,0,0:00:08
20200723_140054_397100782,56.0,-0.000212,-1.192727,-0.0,63.0,0.0, 0.0, 0.0,0,0:00:08
20200723_140054_397117448,56.0,-0.001223,-1.139801,-0.0,63.0,0.0, 0.0, 0.0,0,0:00:08
20200723_140054_397167446,56.0,-0.001442,-1.113719,-0.0,63.0,0.0, 0.0, 0.0,0,0:00:08
20200723_140054_397200778,56.0,-0.000547,-1.038941,-0.0,63.0,0.0, 0.0, 0.0,0,0:00:08
20200723_140054_397217444,56.0,0.000479,-0.991703,-0.0,63.0,0.0, 0.0, 0.0,0,0:00:08
20200723_140054_397250776,57.0,0.000663,-0.968997,-0.0,63.0,0.0, 0.0, 0.0,0,0:00:08
20200723_140054_397284108,57.0,0.000317,-0.924203,-0.0,63.0,0.0, 0.0, 0.0,0,0:00:08
20200723_140055_397317440,57.0,-0.000153,-0.881744,-0.0,63.0,0.0, 0.0, 0.0,0,0:00:09
20200723_140055_397350772,57.0,-0.000237,-0.840481,-0.0,63.0,0.0, 0.0, 0.0,0,0:00:09
20200723_140055_397367438,57.0,-2.8e-05,-0.800716,-0.0,63.0,0.0, 0.0, 0.0,0,0:00:09
20200723_140055_397417436,57.0,4.6e-05,-0.781272,-0.0,63.0,0.0, 0.0, 0.0,0,0:00:09
20200723_140055_397434102,57.0,7.8e-05,-0.7256,-0.0,63.0,0.0, 0.0, 0.0,0,0:00:09
20200723_140055_397467434,57.0,3.2e-05,-0.707913,-0.0,63.0,0.0, 0.0, 0.0,0,0:00:09
20200723_140055_397500766,57.0,-1e-05,-0.673453,-0.0,63.0,0.0, 0.0, 0.0,0,0:00:09
20200723_140055_397534098,57.0,-2.9e-05,-0.640939,-0.0,63.0,0.0, 0.0, 0.0,0,0:00:09
20200723_140055_397550764,57.0,-9e-06,-0.610044,-0.0,63.0,0.0, 0.0, 0.0,0,0:00:09
20200723_140055_397584096,57.0,-7e-06,-0.595327,-0.0,63.0,0.0, 0.0, 0.0,0,0:00:09
20200723_140055_397617428,57.0,-3.7e-05,-0.569823,-0.0,63.0,0.0, 0.0, 0.0,0,0:00:09
20200723_140055_397667426,57.0,-6e-06,-0.558206,-0.0,63.0,0.0, 0.0, 0.0,0,0:00:09
20200723_140055_397684092,58.0,1.5e-05,-0.565485,-0.0,63.0,0.0, 0.0, 0.0,0,0:00:09
20200723_140055_397717424,58.0,6e-05,-0.574246,-0.0,61.0,0.0, 0.0, 0.0,0,0:00:09
20200723_140055_397750756,58.0,-1.6e-05,-0.600786,-0.0,60.0,0.0, 0.0, 0.0,0,0:00:09
20200723_140055_397784088,58.0,2.5e-05,-0.635274,-0.0,59.0,0.0, 0.0, 0.0,0,0:00:09
20200723_140055_397817420,58.0,-2.1e-05,-0.667925,-0.0,54.0,0.0, 0.0, 0.0,0,0:00:09
20200723_140055_397834086,58.0,-5.6e-05,-0.697618,-0.0,40.0,0.0, 0.0, 0.0,0,0:00:09
20200723_140055_397867418,58.0,-4.1e-05,-0.710739,-0.0,32.0,0.0, 0.0, 0.0,0,0:00:09
20200723_140055_397900750,58.0,-5e-06,-0.731197,-0.0,8.0,0.0, 0.0, 0.0,0,0:00:09
20200723_140055_397950748,58.0,2.9e-05,-0.741131,-0.0,0.0,0.0, 0.0, 0.0,0,0:00:09
20200723_140055_397984080,58.0,4.7e-05,-0.732284,-0.0,0.0,0.0, 0.0, 0.0,0,0:00:09
20200723_140055_398017412,58.0,5.4e-05,-0.711901,-0.0,0.0,0.0, 0.0, 0.0,0,0:00:09
20200723_140055_398034078,58.0,4.9e-05,-0.682741,-0.0,0.0,0.0, 0.0, 0.0,0,0:00:09
20200723_140055_398084076,59.0,2.7e-05,-0.666295,-0.0,0.0,0.0, 0.0, 0.0,0,0:00:09
20200723_140055_398100742,59.0,-3.8e-05,-0.615321,-0.0,0.0,0.0, 0.0, 0.0,0,0:00:09
20200723_140055_398134074,59.0,-4.4e-05,-0.598795,-0.0,0.0,0.0, 0.0, 0.0,0,0:00:09
20200723_140055_398167406,59.0,-4.4e-05,-0.566601,-0.0,0.0,0.0, 0.0, 0.0,0,0:00:09
20200723_140055_398200738,59.0,-3.1e-05,-0.535781,-0.0,0.0,0.0, 0.0, 0.0,0,0:00:09
20200723_140055_398234070,59.0,-6e-06,-0.5063,-0.0,0.0,0.0, 0.0, 0.0,0,0:00:09
20200723_140055_398267402,59.0,5.6e-05,-0.477894,-0.0,0.0,0.0, 0.0, 0.0,0,0:00:09
20200723_140055_398284068,59.0,1e-05,-0.450656,-0.0,0.0,0.0, 0.0, 0.0,0,0:00:09
20200723_140056_398334066,59.0,2.1e-05,-0.437426,-0.0,0.0,0.0, 0.0, 0.0,0,0:00:10
20200723_140056_398350732,59.0,-2e-06,-0.399465,-0.0,0.0,0.0, 0.0, 0.0,0,0:00:10
20200723_140056_398384064,59.0,-1.5e-05,-0.387265,-0.0,0.0,0.0, 0.0, 0.0,0,0:00:10
20200723_140056_398417396,59.0,-4.2e-05,-0.363758,-0.0,0.0,0.0, 0.0, 0.0,0,0:00:10
20200723_140056_398450728,59.0,-5e-05,-0.341178,-0.0,0.0,0.0, 0.0, 0.0,0,0:00:10
20200723_140056_398484060,59.0,-8e-06,-0.319525,-0.0,0.0,0.0, 0.0, 0.0,0,0:00:10
20200723_140056_398500726,59.0,4e-05,-0.298696,-0.0,0.0,0.0, 0.0, 0.0,0,0:00:10
20200723_140056_398534058,59.0,4.3e-05,-0.288624,-0.0,0.0,0.0, 0.0, 0.0,0,0:00:10
20200723_140056_398567390,59.0,3.2e-05,-0.269077,-0.0,0.0,0.0, 0.0, 0.0,0,0:00:10
20200723_140056_398600722,59.0,2.4e-05,-0.250365,-0.0,0.0,0.0, 0.0, 0.0,0,0:00:10
20200723_140056_398634054,59.0,3.3e-05,-0.232443,-0.0,0.0,0.0, 0.0, 0.0,0,0:00:10
20200723_140056_398667386,59.0,-5.3e-05,-0.215253,-0.0,0.0,0.0, 0.0, 0.0,0,0:00:10
20200723_140056_398684052,59.0,-7.3e-05,-0.198762,-0.0,0.0,0.0, 0.0, 0.0,0,0:00:10
20200723_140056_398717384,59.0,-6.2e-05,-0.190751,-0.0,0.0,0.0, 0.0, 0.0,0,0:00:10
20200723_140056_398750716,59.0,-7e-06,-0.175312,-0.0,0.0,0.0, 0.0, 0.0,0,0:00:10
20200723_140056_398784048,59.0,9.5e-05,-0.160445,-0.0,0.0,0.0, 0.0, 0.0,0,0:00:10
20200723_140056_398800714,59.0,4.9e-05,-0.146231,-0.0,0.0,0.0, 0.0, 0.0,0,0:00:10
20200723_140056_398834046,59.0,1.4e-05,-0.13933,-0.0,0.0,0.0, 0.0, 0.0,0,0:00:10
20200723_140056_398867378,59.0,3e-05,-0.125974,-0.0,0.0,0.0, 0.0, 0.0,0,0:00:10
20200723_140056_398900710,59.0,2.4e-05,-0.113179,-0.0,0.0,0.0, 0.0, 0.0,0,0:00:10
20200723_140056_398934042,59.0,-8.2e-05,-0.100842,-0.0,0.0,0.0, 0.0, 0.0,0,0:00:10
20200723_140056_398950708,59.0,-0.000109,-0.089031,-0.0,0.0,0.0, 0.0, 0.0,0,0:00:10
20200723_140056_398984040,59.0,-5.5e-05,-0.083298,-0.0,0.0,0.0, 0.0, 0.0,0,0:00:10
20200723_140056_399000706,59.0,2e-05,-0.064769,-0.0,0.0,28.0, 0.0, 0.0,0,0:00:10
20200723_140056_399067370,59.0,1.6e-05,-0.033914,-0.0,0.0,44.0, 0.0, 0.0,0,0:00:10
20200723_140056_399084036,59.0,0.000102,0.348757,-0.0,0.0,64.0, 0.0, 0.0,0,0:00:10
20200723_140056_399117368,59.0,8.9e-05,0.507664,-0.0,0.0,65.0, 0.0, 0.0,0,0:00:10
20200723_140056_399150700,59.0,2.4e-05,0.896951,-0.0,0.0,71.0, 0.0, 0.0,0,0:00:10
20200723_140056_399184032,59.0,5e-06,1.380208,-0.0,0.0,73.0, 0.0, 0.0,0,0:00:10
20200723_140056_399217364,58.0,-0.0,1.892238,-0.0,0.0,73.0, 0.0, 0.0,0,0:00:10
20200723_140056_399250696,58.0,-5.7e-05,2.387489,-0.0,0.0,75.0, 0.0, 0.0,0,0:00:10
20200723_140056_399267362,57.0,-0.000104,2.875891,-0.0,0.0,77.0, 0.0, 0.0,0,0:00:10
20200723_140057_399317360,57.0,-9.5e-05,3.119968,-0.0,0.0,77.0, 0.0, 0.0,0,0:00:11
20200723_140057_399334026,56.0,3.4e-05,3.839659,-0.0,0.0,77.0, 0.0, 0.0,0,0:00:11
20200723_140057_399367358,56.0,7.7e-05,4.073586,-0.0,0.0,77.0, 0.0, 0.0,0,0:00:11
20200723_140057_399400690,55.0,1.9e-05,4.533897,-0.0,0.0,77.0, 0.0, 0.0,0,0:00:11
20200723_140057_399450688,55.0,4.1e-05,4.978959,-0.0,0.0,77.0, 0.0, 0.0,0,0:00:11
20200723_140057_399467354,53.0,5.4e-05,5.601371,-0.0,0.0,77.0, 0.0, 0.0,0,0:00:11
20200723_140057_399500686,53.0,1e-06,5.794417,-0.0,0.0,77.0, 0.0, 0.0,0,0:00:11
20200723_140057_399534018,52.0,-9.6e-05,6.163155,-1.0,0.0,77.0, 0.0, 0.0,0,0:00:11
20200723_140057_399567350,51.0,-0.064844,6.510566,-2.0,0.0,77.0, 0.0, 0.0,0,0:00:11
20200723_140057_399584016,50.0,-0.107547,6.844363,-2.0,0.0,77.0, 0.0, 0.0,0,0:00:11
20200723_140057_399600682,50.0,-0.120268,7.008827,-2.0,0.0,77.0, 0.0, 0.0,0,0:00:11
20200723_140057_399634014,50.0,-0.130284,7.175014,-3.0,0.0,77.0, 0.0, 0.0,0,0:00:11
20200723_140057_399667346,49.0,-0.146521,7.495914,-3.0,0.0,76.0, 0.0, 0.0,0,0:00:11
20200723_140057_399700678,48.0,-0.132028,7.814707,-2.0,0.0,76.0, 0.0, 0.0,0,0:00:11
20200723_140057_399734010,47.0,-0.031668,8.121993,-2.0,0.0,76.0, 0.0, 0.0,0,0:00:11
20200723_140057_399784008,45.0,0.043394,8.417497,-1.0,0.0,76.0, 0.0, 0.0,0,0:00:11
20200723_140057_399800674,44.0,0.099427,8.82178,-1.0,0.0,76.0, 0.0, 0.0,0,0:00:11
20200723_140057_399834006,43.0,0.101611,8.951602,-1.0,0.0,76.0, 0.0, 0.0,0,0:00:11
20200723_140057_399867338,42.0,0.084928,9.190095,-1.0,0.0,76.0, 0.0, 0.0,0,0:00:11
20200723_140057_399900670,41.0,0.042865,9.426139,-1.0,0.0,76.0, 0.0, 0.0,0,0:00:11
20200723_140057_399917336,40.0,0.00257,9.659236,-2.0,0.0,76.0, 0.0, 0.0,0,0:00:11
20200723_140057_399967334,39.0,-0.014536,9.777121,-2.0,0.0,76.0, 0.0, 0.0,0,0:00:11
20200723_140057_399984000,37.0,-0.018626,10.126048,-2.0,0.0,76.0, 0.0, 0.0,0,0:00:11
20200723_140057_400017332,36.0,-0.017208,10.246737,-2.0,0.0,76.0, 0.0, 0.0,0,0:00:11
20200723_140057_400033998,35.0,-0.011981,10.480263,-2.0,0.0,76.0, 0.0, 0.0,0,0:00:11
20200723_140057_400050664,35.0,-0.006816,10.596224,-2.0,0.0,76.0, 0.0, 0.0,0,0:00:11
20200723_140057_400100662,34.0,-0.000875,10.708976,-2.0,0.0,76.0, 0.0, 0.0,0,0:00:11
20200723_140057_400117328,32.0,0.011252,11.024576,-2.0,0.0,76.0, 0.0, 0.0,0,0:00:11
20200723_140057_400150660,31.0,0.01105,11.125935,-2.0,0.0,76.0, 0.0, 0.0,0,0:00:11
20200723_140057_400183992,30.0,0.011393,11.324394,-2.0,0.0,76.0, 0.0, 0.0,0,0:00:11
20200723_140057_400217324,28.0,0.011696,11.5082,-2.0,0.0,76.0, 0.0, 0.0,0,0:00:11
20200723_140057_400250656,27.0,0.011553,11.673242,-2.0,0.0,76.0, 0.0, 0.0,0,0:00:11
20200723_140058_400267322,25.0,0.011259,11.807789,-2.0,0.0,76.0, 0.0, 0.0,0,0:00:12
20200723_140058_400300654,25.0,0.011253,11.859238,-2.0,0.0,76.0, 0.0, 0.0,0,0:00:12
20200723_140058_400317320,23.0,0.011664,11.936754,-2.0,0.0,76.0, 0.0, 0.0,0,0:00:12
20200723_140058_400383984,23.0,0.011896,11.958851,-2.0,0.0,76.0, 0.0, 0.0,0,0:00:12
20200723_140058_400400650,20.0,0.012562,11.990365,-2.0,0.0,76.0, 0.0, 0.0,0,0:00:12
20200723_140058_400433982,19.0,0.01261,11.987727,-2.0,0.0,76.0, 0.0, 0.0,0,0:00:12
20200723_140058_400450648,17.0,0.012814,11.988377,-2.0,0.0,76.0, 0.0, 0.0,0,0:00:12
20200723_140058_400483980,17.0,0.012742,11.986514,-2.0,0.0,76.0, 0.0, 0.0,0,0:00:12
20200723_140058_400517312,15.0,0.012497,11.984094,-2.0,0.0,76.0, 0.0, 0.0,0,0:00:12
20200723_140058_400550644,14.0,0.012526,11.982306,-2.0,0.0,76.0, 0.0, 0.0,0,0:00:12
20200723_140058_400583976,12.0,0.012628,11.981249,-2.0,0.0,76.0, 0.0, 0.0,0,0:00:12
20200723_140058_400600642,11.0,0.01275,11.979115,-2.0,0.0,76.0, 0.0, 0.0,0,0:00:12
20200723_140058_400650640,10.0,0.012774,11.978729,-2.0,0.0,76.0, 0.0, 0.0,0,0:00:12
20200723_140058_400683972,8.0,0.012901,11.978813,-2.0,0.0,76.0, 0.0, 0.0,0,0:00:12
20200723_140058_400700638,7.0,0.012866,11.977565,-2.0,0.0,76.0, 0.0, 0.0,0,0:00:12
20200723_140058_400733970,6.0,0.012838,11.976578,-2.0,0.0,76.0, 0.0, 0.0,0,0:00:12
20200723_140058_400767302,5.0,0.012935,11.975903,-2.0,0.0,76.0, 0.0, 0.0,0,0:00:12
20200723_140058_400800634,3.0,0.013019,11.974624,-2.0,0.0,76.0, 0.0, 0.0,0,0:00:12
20200723_140058_400817300,2.0,0.013062,11.974123,-2.0,0.0,76.0, 0.0, 0.0,0,0:00:12
20200723_140058_400850632,1.0,0.013161,11.973902,-2.0,0.0,76.0, 0.0, 0.0,0,0:00:12
20200723_140058_400900630,0.0,0.011542,10.692106,-2.0,0.0,76.0, 0.0, 0.0,7,0:00:12
20200723_140058_400933962,-0.0,0.008142,7.687776,-2.0,0.0,76.0, 0.0, 0.0,7,0:00:12
20200723_140058_400967294,0.0,0.005637,5.173739,-2.0,0.0,76.0, 0.0, 0.0,7,0:00:12
20200723_140058_400983960,0.0,0.002949,2.655825,-2.0,0.0,74.0, 0.0, 0.0,7,0:00:12
20200723_140058_401017292,0.0,0.001493,1.50128,-2.0,0.0,73.0, 0.0, 0.0,7,0:00:12
20200723_140058_401050624,-0.0,0.000633,0.546317,-2.0,0.0,67.0, 0.0, 0.0,7,0:00:12
20200723_140058_401067290,-0.0,0.000299,0.023545,-2.0,0.0,61.0, 0.0, 0.0,7,0:00:12
20200723_140058_401100622,0.0,0.000139,-0.106646,-2.0,0.0,58.0, 0.0, 0.0,7,0:00:12
20200723_140058_401133954,0.0,-8.3e-05,-0.061491,-2.0,0.0,44.0, 0.0, 0.0,7,0:00:12
20200723_140058_401167286,-0.0,9.4e-05,0.165447,-2.0,0.0,16.0, 0.0, 0.0,7,0:00:12
20200723_140058_401200618,-0.0,0.000124,0.117481,-2.0,0.0,0.0, 0.0, 0.0,7,0:00:12
20200723_140058_401233950,-0.0,8.4e-05,0.052721,-2.0,0.0,0.0, 0.0, 0.0,7,0:00:12
20200723_140059_401267282,-0.0,0.000183,0.168107,-2.0,0.0,0.0, 0.0, 0.0,7,0:00:13
20200723_140059_401300614,-0.0,0.000275,0.253025,-2.0,0.0,0.0, 0.0, 0.0,7,0:00:13
20200723_140059_401333946,-0.0,0.000156,0.15243,-2.0,0.0,0.0, 0.0, 0.0,7,0:00:13
20200723_140059_401350612,-0.0,7.8e-05,0.073451,-2.0,0.0,0.0, 0.0, 0.0,7,0:00:13
20200723_140059_401383944,-0.0,4.8e-05,0.048454,-2.0,0.0,0.0, 0.0, 0.0,7,0:00:13
20200723_140059_401417276,-0.0,1.4e-05,0.013686,-2.0,0.0,0.0, 0.0, 0.0,7,0:00:13
20200723_140059_401450608,-0.0,-9e-06,-0.009565,-2.0,0.0,0.0, 0.0, 0.0,7,0:00:13
20200723_140059_401467274,-0.0,-2.5e-05,-0.025609,-2.0,0.0,0.0, 0.0, 0.0,7,0:00:13
20200723_140059_401517272,-0.0,-2.8e-05,-0.031811,-2.0,0.0,0.0, 0.0, 0.0,7,0:00:13
20200723_140059_401550604,-0.0,-3.4e-05,-0.045127,-2.0,0.0,0.0, 0.0, 0.0,7,0:00:13
20200723_140059_401567270,-0.0,-4.8e-05,-0.050873,-2.0,0.0,0.0, 0.0, 0.0,7,0:00:13
20200723_140059_401600602,-0.0,-5.5e-05,-0.053087,-2.0,0.0,0.0, 0.0, 0.0,7,0:00:13
20200723_140059_401633934,-0.0,-6.2e-05,-0.056464,-2.0,0.0,0.0, 0.0, 0.0,7,0:00:13
20200723_140059_401650600,-0.0,-7e-05,-0.058793,-2.0,0.0,0.0, 0.0, 0.0,7,0:00:13
20200723_140059_401700598,-0.0,-7.5e-05,-0.059642,-2.0,0.0,0.0, 0.0, 0.0,7,0:00:13
20200723_140059_401733930,-0.0,-7.8e-05,-0.061342,-2.0,0.0,0.0, 0.0, 0.0,7,0:00:13
20200723_140059_401767262,-0.0,-6.9e-05,-0.061968,-2.0,0.0,0.0, 0.0, 0.0,7,0:00:13
20200723_140059_401783928,-0.0,-6.7e-05,-0.062338,-2.0,0.0,0.0, 0.0, 0.0,7,0:00:13
20200723_140059_401817260,-0.0,-6.7e-05,-0.062459,-2.0,0.0,0.0, 0.0, 0.0,7,0:00:13
20200723_140059_401850592,-0.0,-6.8e-05,-0.062611,-1.0,0.0,0.0, 0.0, 0.0,7,0:00:13
20200723_140059_401883924,-0.0,-7e-05,-0.062684,-1.0,0.0,0.0, 0.0, 0.0,7,0:00:13
20200723_140059_401917256,0.0,-6.2e-05,-0.062716,-0.0,0.0,0.0, 0.0, 0.0,7,0:00:13
20200723_140059_401933922,0.0,-5.6e-05,-0.051252,0.0,0.0,0.0, 0.0, 0.0,7,0:00:13
20200723_140059_401967254,0.0,-6.2e-05,-0.041032,0.0,0.0,0.0, 0.0, 0.0,7,0:00:13
